SIMD,cases,cases_pc
1 (most deprived),33649,0.280349927
2,28104,0.234151218
3,21650,0.180379088
4,17906,0.149185586
5 (least deprived),15147,0.126198709
Unknown,3569,0.029735472
